I_D,FLAG_TSUNAMI,YEAR,MONTH,DAY,HOUR,MINUTE,SECOND,FOCAL_DEPTH,EQ_PRIMARY,EQ_MAG_MW,EQ_MAG_MS,EQ_MAG_MB,EQ_MAG_ML,EQ_MAG_MFA,EQ_MAG_UNK,INTENSITY,COUNTRY,STATE,LOCATION_NAME,LATITUDE,LONGITUDE,REGION_CODE,DEATHS,DEATHS_DESCRIPTION,MISSING,MISSING_DESCRIPTION,INJURIES,INJURIES_DESCRIPTION,DAMAGE_MILLIONS_DOLLARS,DAMAGE_DESCRIPTION,HOUSES_DESTROYED,HOUSES_DESTROYED_DESCRIPTION,HOUSES_DAMAGED,HOUSES_DAMAGED_DESCRIPTION,TOTAL_DEATHS,TOTAL_DEATHS_DESCRIPTION,TOTAL_MISSING,TOTAL_MISSING_DESCRIPTION,TOTAL_INJURIES,TOTAL_INJURIES_DESCRIPTION,TOTAL_DAMAGE_MILLIONS_DOLLARS,TOTAL_DAMAGE_DESCRIPTION,TOTAL_HOUSES_DESTROYED,TOTAL_HOUSES_DESTROYED_DESCRIPTION,TOTAL_HOUSES_DAMAGED,TOTAL_HOUSES_DAMAGED_DESCRIPTION,,
10320,,2015,1,14,5,22,23,10,5.3,,,5.3,,,,6,CHINA,,CHINA:  SICHUAN PROVINCE:  LESHAN,29.353,103.199,30,,,,,11,1,,2,,,2000,4,,,,,11,1,,2,,,2000,4,,
10131,Tsu,2015,2,16,23,6,27,23,6.7,6.7,,,,,,4,JAPAN,,JAPAN:  HONSHU,39.856,142.881,30,,,,,,,,,,,,,,,,,,,,,,,,,,
10135,Tsu,2015,2,19,13,19,21,10,6.4,6.4,,,,,,5,VANUATU,,VANUATU ISLANDS,-16.431,168.148,170,,,,,,,,1,,,,1,,,,,,,,1,,,,1,,
10127,,2015,2,20,22,37,28,10,4.5,,,4.5,,,,,CHINA,,CHINA:  YUNNAN PROVINCE,23.01,101.755,30,,,,,,,,1,,,276,3,,,,,,,,1,,,276,3,,
10126,,2015,2,21,21,21,8,7,3.6,,,,3.6,,,,BOSNIA-HERZEGOVINA,,BALKANS NW:  BOSNIA-HERZEGOVINA:,44.534,18.934,130,4,1,,,1,1,,,,,,,4,1,,,1,1,,,,,,,,
10125,,2015,2,22,6,43,14,12,5.1,,,5.1,,,,,CHINA,,CHINA:  XINJIANG PROVINCE:  SHAWAN,44.133,85.568,40,,,,,,,14.65,3,,,1728,4,,,,,,,14.65,3,,,1728,4,,
10124,,2015,2,26,21,59,14,30,5.4,,,5.4,,,,4,PAKISTAN,,PAKISTAN:  BATTAGRAM,34.671,73.278,60,,,,,5,1,,1,,,2,1,,,,,5,1,,1,,,2,1,,
10321,,2015,2,28,20,10,56,10,4.5,,,,4.5,,,3,PERU,,PERU:  AREQUIPA:  CAYLLOMA:  CABANACONDE,-15.693,-71.934,160,,,,,,,,2,64,2,500,3,,,,,,,,2,64,2,500,3,,
10335,,2015,3,1,10,24,5,11,5.5,,,,5.5,,,,CHINA,,CHINA:   YUNNAN PROVINCE:  CANGYUAN, GENGMA,23.5,98.9,30,,,,,39,1,,3,220,3,15800,4,,,,,39,1,,3,220,3,15800,4,
10137,,2015,3,8,20,47,4,20,4.4,4.4,,,,,,4,SERBIA,,BALKANS NW: SERBIA:  KOSJERIC,44.088,19.861,130,,,,,,,,1,,,100,2,,,,,,,,1,,,100,2,,
10336,,2015,3,10,20,55,2,184,6.2,6.2,,,,,,5,COLOMBIA,,COLOMBIA:  ANTIOQUIA, SANTANDER,6.8,-73.01,160,,,,,,,,3,180,3,2167,4,,,,,,,,3,180,3,2167,4,
10132,,2015,3,14,6,14,38,10,4.6,,,4.6,,,,,CHINA,,CHINA:  ANHUI PROVINCE:  FUYANG,33.15,115.8,30,2,1,,,13,1,,2,155,3,11079,4,2,1,,,13,1,,2,155,3,11079,4,,
10133,Tsu,2015,3,29,23,48,1,41,7.5,7.5,,,,,,6,PAPUA NEW GUINEA,,PAPUA NEW GUINEA,-4.729,152.562,170,,,,,,,,,,,,,,,,,,,,,,,,,,
10136,,2015,4,20,1,42,38,29,6.4,6.4,,,,,,4,TAIWAN,,TAIWAN:  TAIPEI,24.203,122.316,30,1,1,,,1,1,,1,,,19,1,1,1,,,1,1,,1,,,19,1,,
10134,,2015,4,25,6,12,35,8,7.8,7.8,,,,,,8,NEPAL,,NEPAL:   KATHMANDU; INDIA; CHINA; BANGLADESH,28.231,84.731,60,8200,4,366,3,17866,4,10000,4,299588,4,269107,4,8200,4,366,3,17866,4,10000,4,299588,4,269107,4,,
10140,Tsu,2015,5,2,16,51,39,10,5.7,5.7,,,,,,,JAPAN,,JAPAN:  HONSHU:  S. OF,31.529,140.213,30,,,,,,,,,,,,,,,,,,,,,,,,,,
10139,Tsu,2015,5,5,1,44,38,55,7.5,7.5,,,,,,,PAPUA NEW GUINEA,,PAPUA NEW GUINEA,-5.462,151.875,170,,,,,,,,1,,,,1,,,,,,,,1,,,,1,,
10141,,2015,5,12,7,6,13,15,7.3,7.3,,,,,,7,NEPAL,,NEPAL:   DOLAKHA,27.809,86.066,60,117,3,,,2800,4,,2,,2,,,117,3,,,2800,4,,2,,2,,,,
10143,,2015,5,30,11,23,11,664,7.8,7.8,,,,,,6,JAPAN,,JAPAN:  BONIN ISLANDS [CHICHIJIMA ISLAND],27.839,140.493,30,,,,,12,1,,,,,,,,,,,12,1,,,,,,,,
10151,,2015,6,4,23,16,31,10,6,6,,,,,,6,MALAYSIA,,MALAYSIA:  SABAH:  LAHAD,DATU,KANAK,5.987,116.541,170,18,1,,,,2,,1,,,23,1,18,1,,,,2,,1,,,23,1
10153,,2015,6,28,1,5,56,26,5.3,5.3,,,,,,,INDIA,,INDIA:  KOKRAJHAR,26.638,90.41,60,,,,,2,1,,,,,,3,,,,,2,1,,1,,,,3,,
10152,,2015,7,3,1,7,1,10,6.4,6.4,,,,,,,CHINA,,CHINA:  S. XINJIANG:  HOTAN,37.6,78.2,40,3,1,,,263,3,,3,3000,4,,,3,1,,,263,3,,3,3000,4,,,,
10338,,2015,7,3,6,43,54,32,6.1,6.1,,,,,,,PHILIPPINES,,PHILIPPINES:  MINDANAO,10.169,125.891,170,1,1,,,,,,,,,,,1,1,,,,,,,,,,,,
10147,Tsu,2015,7,10,4,12,54,12,6.7,6.7,,,,,,,SOLOMON ISLANDS,,SOLOMON ISLANDS,-9.307,158.403,170,,,,,,,,,,,,,,,,,,,,,,,,,,
10146,Tsu,2015,7,18,2,28,22,11,7,7,,,,,,8,SOLOMON ISLANDS,,SOLOMON ISLANDS,-10.401,165.141,170,,,,,,,,,,,,,,,,,,,,,,,,,,
10145,,2015,7,24,20,59,12,17,5.1,5.1,,,,,,5,PAKISTAN,,PAKISTAN:  ABBOTTABAD,33.856,73.193,60,3,1,,,1,1,,1,3,1,,,3,1,,,1,1,,1,3,1,,,,
10157,Tsu,2015,7,27,4,49,    ,23,6.9,6.9,,,,,,,USA,AK,USA: ALASKA,52.214,-169.399,150,,,,,,,,,,,,,,,,,,,,,,,,,,
10149,,2015,7,27,21,42,11,48,7,7,,,,,,5,INDONESIA,,INDONESIA:  PAPUA,-2.629,138.528,170,1,1,,,,,,1,1,1,6,1,1,1,,,,,,1,1,1,6,1,,
10150,,2015,7,29,0,11,6,12,5.9,5.9,,,,,,3,PANAMA,,COLOMBIA-PANAMA:  COLOMBIA:  UNGUIA,8.231,-77.315,100,,,,,6,1,,1,,,45,1,,,,,6,1,,1,,,45,1,,
10148,,2015,8,7,1,25,54,11,5.8,5.8,,,,,,4,RWANDA,,RWANDA:  BUKAVU,-2.141,28.897,10,3,1,,,30,1,,,,,,,3,1,,,30,1,,,,,,,,
10341,,2015,8,9,7,5,38,10,4.5,4.5,,,,,,4,EL SALVADOR,,EL SALVADOR:  ALEGRIA,13.668,-88.478,100,,,,,4,1,,2,,,92,2,,,,,4,1,,2,,,92,2,,
10156,Tsu,2015,9,16,22,55,26,22,8.3,8.3,,,,,,9,CHILE,,CHILE:  CENTRAL,-31.573,-71.674,160,7,1,1,1,14,1,600,4,2305,4,10044,4,15,1,1,1,14,1,600,4,2305,4,10044,4,,
10158,,2015,9,24,15,53,    ,10,6.6,6.6,,,,,,5,INDONESIA,,INDONESIA:  SORONG,-0.59,131.27,170,,,,,62,2,,2,,,260,3,,,,,62,2,,2,,,260,3,,
10160,,2015,10,17,11,33,    ,33,5.8,5.8,,,,,,7,ARGENTINA,,ARGENTINA:  GALPON,-25.442,-64.632,160,2,1,,,30,1,,1,15,1,,,2,1,,,30,1,,1,15,1,,,,
10159,,2015,10,26,9,9,56,231,7.5,7.5,,,,,,7,AFGHANISTAN,,AFGHANISTAN: HINDU KUSH,36.524,70.368,40,399,3,,,1770,4,109,4,29230,4,79893,4,399,3,,,1770,4,109,4,29230,4,79893,4,,
10343,,2015,11,4,3,44,19,20,6.5,6.5,,,,,,5,INDONESIA,,INDONESIA:  EAST NUSA TENGGARA:  ALOR,-8.338,124.875,60,,,,,,,9,3,,,1468,4,,,,,,,9,3,,,1468,4,,
10161,,2015,11,7,6,58,30,14,5.3,5.3,,,,,,,VENEZUELA,,VENEZUELA:  MERIDA,8.477,-71.365,160,1,1,,,,,,1,33,1,83,2,1,1,,,,,,1,33,1,83,2,,
10162,Tsu,2015,11,11,1,54,37,10,6.9,6.9,,,,,,7,CHILE,,CHILE:  LA SERENA,-29.439,-72.105,160,,,,,,,,,,,,,,,,,,,,,,,,,,
10163,Tsu,2015,11,13,20,51,3,12,6.7,6.7,,,,,,4,JAPAN,,JAPAN:  KYUSYU ISLAND,31.001,128.873,30,,,,,,,,,,,,,,,,,,,,,,,,,,
10164,Tsu,2015,11,17,7,10,3,11,6.5,6.5,,,,,,,GREECE,,GREECE:  LEFKADA, KEFALONIA, ITHACA,38.67,20.6,130,2,1,,,4,1,,2,1,1,,2,2,1,,,4,1,,2,1,1,,2
10344,,2015,11,17,17,29,29,18,5.6,5.6,,,,,,5,KYRGYZSTAN,,KYRGYZSTAN: OSH,40.376,73.204,40,,,,,,,,2,200,3,800,3,,,,,,,,2,200,3,800,3,,
10441,Tsu,2015,11,18,18,31,57,13,6.8,6.8,,,,,,4,SOLOMON ISLANDS,,SOLOMON ISLANDS,-8.899,158.422,170,,,,,,,,,,,,,,,,,,,,,,,,,,
10345,,2015,11,22,20,38,5,5,5.1,5.1,,,,,,4,VENEZUELA,,VENEZUELA:  MERIDA,8.48,-71.42,160,1,1,,,3,1,,1,,,6,1,1,1,,,3,1,,1,,,6,1,,
10166,,2015,11,24,22,45,    ,636,7.6,7.6,,,,,,4,PERU,,PERU-BRAZIL,-10.77,-71.41,160,,,,,,,,,,,,,,,,,,,,,,,,,,
10165,,2015,11,24,22,50,    ,606,7.6,7.6,,,,,,4,PERU,,PERU-BRAZIL,-10.07,-70.98,160,,,,,,,,,,,,,,,,,,,,,,,,,,
10168,,2015,12,7,7,51,35,22,7.2,7.2,,,,,,3,TAJIKISTAN,,TAJIKISTAN,38.211,72.78,40,2,1,,,,3,5,2,500,3,,3,2,1,,,,3,5,2,500,3,,3,,
10350,,2015,12,17,19,49,5,85,6.6,6.6,,,,,,5,MEXICO,,MEXICO:  COCOTITLAN,15.802,-93.633,150,2,1,,,,,,,,,,,2,1,,,,,,,,,,,,
10169,,2015,12,25,19,14,19,206,6.3,6.3,,,,,,5,AFGHANISTAN,,AFGHANISTAN; PAKISTAN,36.494,71.126,40,4,1,,,97,2,,1,,1,,1,4,1,,,97,2,,1,,1,,1,,
10170,,2016,1,3,23,5,27,55,6.7,6.7,,,,,,7,INDIA,,INDIA:  IMPAHL,24.804,93.651,60,13,1,,,100,2,75,4,,,,2,13,1,,,100,2,75,4,,,,2,,
10171,,2016,1,16,23,22,4,4,5.6,5.6,,,,,,3,INDONESIA,,INDONESIA: MALUKU:  BURU, AMBALAU ISLAND,-3.873,127.229,170,1,1,,,22,1,,1,,,230,3,1,1,,,22,1,,1,,,230,3,
10172,,2016,1,24,10,30,56,126,7.1,7.1,,,,,,6,USA,AK,USA: ALASKA:  KENAI,59.658,-153.452,150,,,,,,,,1,4,1,,,,,,,,,,1,4,1,,,,
10173,,2016,1,25,4,23,13,12,6.3,6.3,,,,,,6,MOROCCO,,MOROCCO:  MELILLA,35.649,-3.682,15,1,1,,,26,1,,1,,1,,1,1,1,,,26,1,,1,,1,,1,,
10174,,2016,2,5,19,57,6,10,6.4,6.4,,,,,,7,TAIWAN,,TAIWAN:  TAINAN,22.97,120.46,30,117,3,,,525,3,700,4,,1,,1,117,3,,,525,3,700,4,,1,,1,,
10175,Tsu,2016,3,2,12,49,11,24,7.8,7.8,,,,,,5,INDONESIA,,INDONESIA: SUMATRA:,-4.952,94.33,60,,,,,,,,,,,,,,,,,,,,,,,,,,
10186,,2016,4,10,10,29,12,212,6.6,6.6,,,,,,5,AFGHANISTAN,,AFGHANISTAN:  KHYBER PAKHTUNKHWA,36.473,71.131,40,6,1,,,5,1,,1,,,20,1,6,1,,,5,1,,1,,,20,1,,
10363,,2016,4,13,13,55,8,136,6.9,6.9,,,,,,5,MYANMAR (BURMA),,INDIA: ASSAM; BANGLADESH,23.094,94.865,60,2,1,,,170,3,,2,,,4,1,2,1,,,170,3,,2,,,4,1,,
10177,,2016,4,15,16,25,22,10,7,7,,,,,,8,JAPAN,,JAPAN:  KUMAMOTO, OITA,32.791,130.754,30,50,1,,,1500,4,20000,4,80000,4,,,50,1,,,1500,4,20000,4,80000,4,,,
10176,Tsu,2016,4,16,23,58,    ,17,7.8,7.8,,,,,,8,ECUADOR,,ECUADOR:  NEAR WEST COAST: MANABI, ESMERALDAS,0.35,-80.16,160,663,3,9,1,6274,4,3300,4,6998,4,29672,4,663,3,9,1,6274,4,3300,4,6998,4,29672,4,
10179,Tsu,2016,4,28,19,33,7,24,7,7,,,,,,,VANUATU,,VANUATU ISLANDS,-16.043,167.379,170,,,,,,,,,,,,,,,,,,,,,,,,,,
10178,,2016,5,11,1,15,22,8,5.2,5.2,,,,,,,CHINA,,CHINA:  TIBET (XIZANG PROVINCE),32.022,95.027,40,,,,,60,2,,1,,1,,,,,,,60,2,,1,,1,,,,
10181,,2016,5,18,16,47,26,30,6.9,6.9,,,,,,4,ECUADOR,,ECUADOR:  MANABI PROVINCE,0.495,-79.616,160,1,1,,,162,3,,1,,1,32,1,1,1,,,162,3,,1,,1,32,1,,
10364,,2016,5,28,23,54,38,11,5.4,5.4,,,,,,5,ALGERIA,,ALGERIA:  MEDEA:  MIHOUB,36.431,3.517,15,,,,,28,1,,2,,3,,1,,,,,28,1,,2,,3,,1,,
10365,,2016,6,1,22,56,8,50,6.6,6.6,,,,,,5,INDONESIA,,INDONESIA:  SUMATRA:  PESISIR SELATAN,-2.097,100.665,60,1,1,,,30,1,,2,,,2663,4,1,1,,,30,1,,2,,,2663,4,,
10185,,2016,6,7,19,15,33,31,6.3,6.3,,,,,,4,INDONESIA,,INDONESIA:  MALUKU:  TERNATE ISLAND,1.279,126.371,170,,,,,,,,1,,,,1,,,,,,,,1,,,,1,,
10187,,2016,7,1,14,59,15,10,5,5,,,,,,,TAJIKISTAN,,TAJIKISTAN:  RASHT,38.881,70.559,40,,,,,,,,1,31,1,,,,,,,,,,1,31,1,,,,
10188,,2016,7,29,21,19,14,196,7.7,7.7,,,,,,4,USA TERRITORY,MP,NORTHERN MARIANA ISLANDS,18.543,145.507,170,,,,,,,,,,,,,,,,,,,,,,,,,,
10366,,2016,7,31,9,18,17,25,4.9,,,4.9,,,,,CHINA,,CHINA:  GUANGXI PROVINCE,24.134,111.478,30,,,,,,,,2,,,200,3,,,,,,,,2,,,200,3,,
10189,,2016,7,31,23,41,28,21,5.6,5.6,,,,,,6,INDONESIA,,INDONESIA:  SUMBAWA ISLAND:  WEST NUSA TENGGARA,-8.194,117.814,60,,,,,4,1,,2,,,700,3,,,,,4,1,,2,,,700,3,,
10190,Tsu,2016,8,12,1,26,28,16,7.2,7.2,,,,,,,NEW CALEDONIA,,NEW CALEDONIA:  LOYALTY ISLANDS,-22.477,173.117,170,,,,,,,,,,,,,,,,,,,,,,,,,,
10191,,2016,8,15,2,58,    ,8,5.5,5.5,,,,,,6,PERU,,PERU:  AREQUIPA,-15.64,-71.68,160,9,1,,,68,2,,2,605,3,671,3,9,1,,,68,2,,2,605,3,671,3,,
10192,Tsu,2016,8,19,7,33,11,10,7.4,7.4,,,,,,,SOUTH GEORGIA AND THE SOUTH SANDWICH ISLANDS,,SOUTH SANDWICH ISLANDS,-55.285,-31.877,70,,,,,,,,,,,,,,,,,,,,,,,,,,
10481,Tsu,2016,8,20,9,1,26,10,6,6,,,,,,2,JAPAN,,JAPAN:  OFF EAST COAST HONSHU,40.394,143.68,30,,,,,,,,,,,,,,,,,,,,,,,,,,
10194,,2016,8,24,1,36,2,4,6.2,6.2,,,,,,9,ITALY,,ITALY:  ACCUMOLI, ARQUATA, AMATRICE,42.704,13.238,130,299,3,15,1,368,3,5000,4,,3,,2,299,3,15,1,368,3,5000,4,,3,,2
10195,,2016,8,24,10,34,58,82,6.8,6.8,,,,,,5,MYANMAR (BURMA),,MYANMAR (BURMA): CHAUK,20.923,94.569,60,4,1,,,20,1,10,3,,,230,3,4,1,,,20,1,10,3,,,230,2,,
10196,Tsu,2016,9,1,16,37,3,19,7,7,,,,,,5,NEW ZEALAND,,NEW ZEALAND:  GISBORNE,-37.359,179.146,170,,,,,,,,,,,,,,,,,,,,,,,,,,
10197,,2016,9,10,12,27,41,40,5.9,5.9,,,,,,,TANZANIA,,TANZANIA:  LAKE VICTORIA;  UGANDA: RAKAI,-1.036,31.618,10,23,1,,,252,3,458,4,1172,4,6281,4,23,1,,,252,3,458,4,1172,4,6281,4,,
10198,,2016,9,11,13,10,7,13,5.1,5.1,,,,,,6,MACEDONIA,,BALKANS NW:  MACEDONIA,42.008,21.488,130,,,,,30,1,10,3,,,,1,,,,,30,1,10,3,,,,1,,
10199,,2016,9,12,11,33,17,13,5.4,5.4,,,,,,6,SOUTH KOREA,,SOUTH KOREA:  GYEONGJU,35.781,129.216,30,1,1,,,14,1,21,3,,,106,3,1,1,,,14,1,21,3,,,106,3,,
10228,,2016,9,23,16,12,1,10,4.8,,,4.8,,,,,RWANDA,,RWANDA:  RISUZI; CONGO:  UKAVU,-2.65,29.06,10,8,1,,,,1,,1,22,1,,,8,1,,,,1,,1,22,1,,,,
10373,,2016,9,28,16,49,1,8,5.5,5.5,,,,,,4,NICARAGUA,,NICARAGUA:  LEON,12.442,-86.515,100,1,1,,,5,1,,2,6,1,487,3,1,1,,,5,1,,2,6,1,487,3,,
10229,,2016,10,1,8,4,33,10,5.4,,,5.4,,,,2,PAKISTAN,,PAKISTAN:  MANSEHRA, NARAN,34.905,73.682,60,1,1,,,,2,,1,,2,,,1,1,,,,2,,1,,2,,,
10200,,2016,10,21,5,8,39,6,6.2,6.2,,,,,,6,JAPAN,,JAPAN:  KURAYOSHI,35.374,133.809,30,,,,,7,1,100,4,2,1,160,3,,,,,7,1,100,4,2,1,160,3,,
10201,,2016,10,26,19,18,43,10,6.1,6.1,,,,,,7,ITALY,,ITALY:  VISSO, USSITA,42.956,13.067,130,1,1,,,,1,,4,,,1001,4,1,1,,,,1,,4,,,1001,4,
10202,,2016,10,30,6,40,5,9,6.6,6.6,,,,,,7,ITALY,,ITALY: NORCIA,42.84,13.11,130,2,1,,,20,1,200,4,,1,,4,2,1,,,20,1,200,4,,1,,4,,
10204,,2016,11,7,1,44,7,3,5,5,,,,,,6,USA,OK,USA: OKLAHOMA:  CUSHING,35.988,-96.805,150,,,,,,1,20,3,,,50,1,,,,,,1,20,3,,,50,1,,
10206,Tsu,2016,11,13,11,2,34,15,7.8,7.8,,,,,,8,NEW ZEALAND,,NEW ZEALAND:  AMBERLEY,-42.737,173.054,170,2,1,,,,,,2,,,,1,2,1,,,,,3900,4,1,1,,1,,
10209,Tsu,2016,11,21,20,59,27,9,6.9,6.9,,,,,,7,JAPAN,,JAPAN: NEAR E COAST HONSHU,37.393,141.387,30,,,,,15,1,,1,,,,,,,,,15,1,,1,,,,,,
10211,Tsu,2016,11,24,18,43,    ,33,6.9,6.9,,,,,,5,NICARAGUA,,NICARAGUA,11.96,-88.835,100,,,,,,,,,,,,,,,,,,,,,,,,,,
10386,,2016,11,25,14,25,11,17,6.6,6.6,,,,,,7,CHINA,,CHINA:  XINJIANG PROVINCE:  KASHGAR,39.273,73.978,40,1,1,,,,,5.5,3,,2,,,1,1,,,,,5.5,3,,2,,,,
10230,,2016,11,27,23,35,2,10,5.4,,,5.4,,,,4,NEPAL,,NEPAL:   MOUNT AMA DABLAM, CHARIKHARKA,27.802,86.532,40,1,1,,,1,1,,1,2,1,,,1,1,,,1,1,,1,2,1,,,
10231,,2016,11,29,20,9,35,5,4.2,4.2,,,,,,,POLAND,,POLAND:  RUDNA,51.613,16.157,120,8,1,,,9,1,,1,,,,,8,1,,,9,1,,1,,,,,,
10379,,2016,12,1,0,25,38,1,5.3,5.3,,,,,,6,COSTA RICA,,COSTA RICA:  PARAISO, TURRIALBA,9.949,-83.807,100,,,,,,,,2,,,60,2,,,,,,,,2,,,60,2,
10232,,2016,12,1,22,40,    ,10,6.2,6.2,,,,,,6,PERU,,PERU:  PUNO, LAMPA,-15.44,-70.93,160,1,1,,,17,1,,1,8,1,40,1,1,1,,,17,1,,1,8,1,40,1,
10215,,2016,12,6,22,3,39,13,6.5,6.5,,,,,,8,INDONESIA,,INDONESIA:  SUMATRA:  ACEH:  PIDIE JAYA,5.283,96.168,60,104,3,,,857,3,100,4,245,3,18752,4,104,3,,,857,3,100,4,245,3,18752,4,,
10380,,2016,12,8,5,15,6,18,6,6,,,,,,3,CHINA,,CHINA:  N. XINJIANG:  URUMQI,43.823,86.345,40,1,1,,,,,135,4,,,,,1,1,,,,,135,4,,,,,,
10218,Tsu,2016,12,8,17,38,28,40,7.8,7.8,,,,,,8,SOLOMON ISLANDS,,SOLOMON ISLANDS,-10.681,161.327,170,1,1,,,,,,1,191,3,126,3,1,1,,,,,,1,191,3,126,3,,
10219,Tsu,2016,12,9,19,11,24,20,6.9,6.9,,,,,,7,SOLOMON ISLANDS,,SOLOMON ISLANDS,-10.749,161.132,170,,,,,,,,,,,,,,,,,,,,,,,,,,
10220,Tsu,2016,12,17,10,51,5,95,7.9,7.9,,,,,,7,PAPUA NEW GUINEA,,PAPUA NEW GUINEA:  NEW BRITAIN NEW IRELAND,-4.505,153.522,170,,,,,,,,,,,,,,,,,,,,,,,,,,
10221,,2016,12,19,7,11,    ,6,5.4,5.4,,,,,,6,ECUADOR,,ECUADOR:  ESMERALDAS,0.93,-79.84,160,3,1,,,47,1,,2,10,1,70,2,3,1,,,47,1,,2,10,1,70,2,,
10224,Tsu,2016,12,25,14,22,    ,30,7.6,7.6,,,,,,7,CHILE,,CHILE,-43.517,-74.391,160,,,,,,,,1,,,,,,,,,,,,1,,,,,,
10226,,2017,1,3,9,9,8,32,5.7,5.7,,,,,,,INDIA,,INDIA:  AMBASA;  BANGLADESH,24.015,92.018,60,3,1,,,,1,,1,,,,2,3,1,,,,1,,1,,,,2,,
10225,Tsu,2017,1,3,21,53,7,12,6.9,6.9,,,,,,6,FIJI,,FIJI ISLANDS,-19.373,176.052,170,,,,,,,,,,,,,,,,,,,,,,,,,,
10227,,2017,1,6,2,33,21,10,5,5,,,,,,,IRAN,,IRAN:  KHONJ,28.2,53.107,140,4,1,,,4,1,,1,,,,,4,1,,,4,1,,1,,,,,,
10254,,2017,1,11,22,7,7,7,5.5,5.5,,,,,,,MADAGASCAR,,MADAGASCAR: ANTSIRABE,-20.16,46.647,60,2,1,,,,1,,1,,,,1,2,1,,,,1,,1,,,,1,,
10234,,2017,1,18,10,14,9,9,5.7,5.7,,,,,,,ITALY,,ITALY:  FARINDOLA,42.529,13.282,130,34,1,,,11,1,18,3,,1,,,34,1,,,11,1,18,3,,1,,,,
10235,Tsu,2017,1,22,4,31,36,135,7.9,7.9,,,,,,9,PAPUA NEW GUINEA,,PAPUA NEW GUINEA:  BOUGAINVILLE ISLAND,-6.246,155.172,170,3,1,,,,,,1,,3,,,3,1,,,,,,1,,3,,,,
10405,,2017,2,6,3,52,4,10,5.3,5.3,,,,,,,TURKEY,,TURKEY:  CANAKKALE,39.599,26.065,140,,,,,5,1,,2,,,90,2,,,,,5,1,,2,,,90,2,,
10403,,2017,2,6,13,2,14,38,5.5,5.5,,,,,,,COLOMBIA,,COLOMBIA:  HUILA,3.449,-74.672,160,,,,,,,,2,,,378,3,,,,,,,,2,,,378,3,,
10237,,2017,2,7,22,3,39,29,6.3,6.3,,,,,,,PAKISTAN,,PAKISTAN:  PASNI,25.191,63.264,60,,,,,,,,1,20,1,,1,,,,,,,,1,20,1,,1,,
10238,,2017,2,10,14,4,32,15,6.5,6.5,,,,,,8,PHILIPPINES,,PHILIPPINES: SURIGAO DEL NORTE,9.907,125.452,170,8,1,,,202,3,40,4,215,3,3042,4,8,1,,,202,3,40,4,215,3,3042,4,,
10404,,2017,2,24,0,32,8,30,5.9,5.9,,,,,,,ZAMBIA,,ZAMBIA:  KAPUTA,-8.44,30.031,10,,,,,5,1,,1,,1,,,,,,,5,1,,1,,1,,,,
10316,,2017,3,5,0,8,1,11,5.7,5.7,,,,,,,PHILIPPINES,,PHILIPPINES: SURIGAO DEL NORTE,9.831,125.496,170,1,1,,,45,1,,1,13,1,,,1,1,,,45,1,,1,13,1,,,,
10239,,2017,3,13,14,20,7,10,5.1,,,5.1,,,,,MYANMAR (BURMA),,MYANMAR (BURMA):  THARRAWADDY,17.399,96,60,2,1,,,36,1,,1,,1,,1,2,1,,,36,1,,1,,1,,1,,
10436,,2017,3,21,23,10,15,112,5.6,5.6,,,,,,,INDONESIA,,INDONESIA:  BALI,-8.492,115.323,60,,,,,4,1,,2,,1,,,,,,,4,1,,2,,1,,,,
10468,,2017,3,26,23,55,6,28,5,,,5,,,,2,CHINA,,CHINA:   YUNNAN PROVINCE,25.938,99.841,30,,,,,1,1,31,4,,,,,,,,,1,1,31,4,,,,,,
10240,,2017,4,5,6,9,2,13,6.1,6.1,,,,,,,IRAN,,IRAN:  SEFID SANG,35.776,60.436,140,2,1,,,11,1,,1,,,,1,2,1,,,11,1,,1,,,,1,,
10242,,2017,4,8,7,9,18,14,5.9,5.9,,,,,,,PHILIPPINES,,PHILIPPINES: BATANGAS, CALABARZON,13.77,120.935,170,,,,,6,1,2,2,506,3,2108,4,,,,,6,1,2,2,506,3,2108,4,
10241,,2017,4,10,23,54,3,10,4.8,,,4.8,,,,,EL SALVADOR,,EL SALVADOR: SAN SALVADOR,SOYAPANGO,13.766,-89.155,100,1,1,,,3,1,,1,,,,2,1,1,,,3,1,,1,,,,2,
10244,Tsu,2017,4,24,21,39,22,28,6.9,6.9,,6.3,,,,9,CHILE,,CHILE:  VALPARAISO,-33.038,-72.062,160,,,,,,,,,,,,,,,,,,,,,,,,,,
10245,Tsu,2017,4,28,20,23,26,26,6.9,6.9,,,,,,9,PHILIPPINES,,PHILIPPINES: SARANGANI,5.504,125.066,170,,,,,5,1,,1,1,1,,1,,,,,7,1,,1,1,1,,1,,
10247,Tsu,2017,5,1,12,31,3,1,6.2,6.2,,,,,,,CANADA,,ALASKA:  SKAGWAY; CANADA:  BRITISH COLUMBIA,59.852,-136.677,150,,,,,,,,,,,,,,,,,,,,,,,,,,
10437,,2017,5,3,4,47,38,11,6,6,,,,,,,TAJIKISTAN,,KYRGYZSTAN:  OSH, BATKEN,39.494,71.444,40,,,,,,,,3,537,3,,,,,,,,,,3,537,3,,,
10248,,2017,5,10,21,58,7,8,5.4,5.4,,,,,,,CHINA,,CHINA: XINJIANG: QUZGUN, TAXKORGAN TAJIK,37.643,75.31,40,8,1,,,23,1,123,4,3015,4,,,8,1,,,23,1,123,4,3015,4,,,
10438,,2017,5,11,3,24,37,63,5.1,,,5.1,,,,,AZERBAIJAN,,IRAN:  ARDABIL,39.816,48.57,40,,,,,20,1,,2,,,85,2,,,,,20,1,,2,,,85,2,,
10249,,2017,5,13,18,0,52,8,5.6,5.6,,5.5,,,,,IRAN,,IRAN: KHORASAN,37.769,57.206,140,3,1,,,417,3,2,2,,1,,4,3,1,,,417,3,2,2,,1,,4,,
10255,,2017,5,25,9,55,51,10,4.4,,,4.4,,,,,TANZANIA,,TANZANIA: MWANZA,-3.043,32.888,10,1,1,,,18,1,,,,,,,1,1,,,18,1,,,,,,,,
10251,,2017,5,28,11,4,37,3,4.9,4.9,,5,,,,,TURKEY,,TURKEY: MANISA: SARUHANLI, GOLMARMARA,38.764,27.778,140,,,,,,,,2,,,35,1,,,,,,,,2,,,35,1,
10250,,2017,5,29,14,35,51,12,6.6,6.6,6.4,6.2,,,,7,INDONESIA,,INDONESIA:  SULAWESI:  POSO,-1.292,120.431,170,,,,,25,1,,2,5,1,348,3,,,,,25,1,,2,5,1,348,3,,
10252,Tsu,2017,6,12,12,28,15,12,6.3,6.3,,,,,,,GREECE,,GREECE: LESBOS,38.93,26.365,130,1,1,,,15,1,,2,10,1,250,3,1,1,,,15,1,,2,10,1,250,3,,
10253,,2017,6,14,7,29,39,93,6.9,6.9,,6.5,,,,8,GUATEMALA,,GUATEMALA: QUETZALTENANGO, SUCHITEPEQUEZ; MEXICO,14.909,-92.009,100,5,1,,,30,1,,3,,1,,3,5,1,,,30,1,,3,,1,,3,
10317,,2017,6,21,4,40,,,3.2,,,,,,3.2,,NEPAL,,NEPAL:  DHADING,27.64,85.17,60,1,1,,,1,1,,,,,,,1,1,,,1,1,,,,,,,,
10256,,2017,6,22,12,31,49,38,6.8,6.8,,,,,,6,GUATEMALA,,GUATEMALA: ESCUINTLA, SUCHITEPEQUEZ, GUATEMALA,13.717,-90.972,100,,,,,4,1,,2,,,53,2,,,,,4,1,,2,,,53,2
10257,,2017,6,24,2,37,48,27,5.6,5.6,,,,,,,MOZAMBIQUE,,MOZAMBIQUE,-19.45,34.488,10,,,,,4,1,,1,2,1,2,1,,,,,4,1,,1,2,1,2,1,,
10258,,2017,7,6,8,3,55,11,6.5,6.5,,,,,,9,PHILIPPINES,,PHILIPPINES: LEYTE,11.127,124.629,170,4,1,,,448,3,5,3,735,3,1029,4,4,1,,,448,3,5,3,735,3,1029,4,,
10259,Tsu,2017,7,17,23,35,14,10,7.7,7.7,,,,,,8,RUSSIA,,RUSSIA: BERING ISLAND,54.443,168.857,50,,,,,,,,,,,,,,,,,,,,,,,,,,
10284,,2017,7,18,2,6,15,44,6.4,6.4,,,,,,,PERU,,PERU:  AREQUIPA,-16.416,-73.636,160,1,1,,,1,1,,,,,,,1,1,,,1,1,,,,,,,,
10260,Tsu,2017,7,20,22,31,26,7,6.6,6.6,,,,,,7,TURKEY,,TURKEY: BODRUM, DATCA; GREECE: KOS,36.929,27.414,140,2,1,,,500,3,,2,,1,,1,2,1,,,500,3,,2,,1,,1,
10318,,2017,8,2,7,15,    ,99,5.4,5.4,,,,,,,CHILE,,CHILE:  SANTIAGO,-33.201,-70.614,160,1,1,,,,,,,,,,,1,1,,,,,,,,,,,,
10261,,2017,8,8,13,19,54,9,6.5,6.5,,,,,,5,CHINA,,CHINA:  SICHUAN PROVINCE:  ABA,33.193,103.855,30,29,1,,,525,3,500,4,100,2,72500,4,29,1,,,525,3,500,4,100,2,72500,4,,
10262,,2017,8,8,23,27,8,20,6.3,6.3,,,,,,,CHINA,,CHINA:  XINGJIANG: BORTALA,44.302,82.832,40,,,,,32,1,,2,142,3,1060,4,,,,,32,1,,2,142,3,1060,4,,
10283,,2017,8,11,21,45,4,41,5.6,5.6,,,,,,,PERU,,PERU: AREQUIPA,-16.299,-73.474,160,1,1,,,,1,,,,,,,1,1,,,,1,,,,,,,,
10445,,2017,8,13,16,51,5,32,5.8,5.8,,,,,,,PERU,,PERU:  JUNIN,-10.721,-74.566,160,1,1,,,2,1,,1,,,,,1,1,,,2,1,,1,,,,,,
10263,,2017,8,21,18,57,11,3,4.2,,,4.2,,,,,ITALY,,ITALY:  ISCHIA ISLAND,40.783,13.939,130,2,1,,,42,1,,2,,2,,2,2,1,,,42,1,,2,,2,,2,,
10264,,2017,8,22,22,27,3,17,5,,,5,,,,,PHILIPPINES,,PHILIPPINES: LEYTE: ORMOC,10.954,124.707,170,2,1,,,,1,,2,,,56,2,2,1,,,,1,,2,,,56,2,,
10266,Tsu,2017,9,8,4,49,2,46,8.2,8.2,,,,,,9,MEXICO,,MEXICO: OAXACA, CHIAPAS, TABASCO; GUATEMALA,14.761,-94.103,150,98,2,,,251,3,4000,4,47468,4,94027,4,98,2,,,251,3,4000,4,47468,4,94027,4
10267,,2017,9,19,18,14,7,39,7.1,7.1,,,,,,9,MEXICO,,MEXICO: MEXICO CITY, MORELOS, PUEBLA,18.339,-98.68,150,369,3,,,6000,4,8000,4,226,3,184000,4,369,3,,,6000,4,8000,4,226,3,184000,4
10268,,2017,9,23,12,53,48,10,6.1,6.1,,,,,,,MEXICO,,MEXICO:  OAXACA,16.626,-95.078,150,5,1,,,7,1,,1,11,1,,,5,1,,,7,1,,1,11,1,,,,
10269,,2017,9,23,20,48,16,8,5.7,5.7,,,,,,,PHILIPPINES,,PHILIPPINES: MINDANAO: LANAO DEL SUR PROVINCE,7.562,124.743,170,,,,,11,1,,2,55,2,1659,4,,,,,11,1,,2,55,2,1659,4,,
10272,Tsu,2017,10,31,0,43,12,24,6.7,6.7,,,,,,3,NEW CALEDONIA,,NEW CALEDONIA:  LOYALTY ISLANDS,-21.697,169.149,170,,,,,,,,,,,,,,,,,,,,,,,,,,
10319,,2017,10,31,11,50,37,6,6.1,6.1,,,,,,5,INDONESIA,,INDONESIA:  MALUKU:  AMBON,-3.745,127.752,170,1,1,,,,,,1,,,14,1,1,1,,,,,,1,,,14,1,,
10273,Tsu,2017,11,1,2,24,7,22,6.6,6.6,,,,,,3,NEW CALEDONIA,,NEW CALEDONIA:  LOYALTY ISLANDS,-21.648,168.859,170,,,,,,,,,,,,,,,,,,,,,,,,,,
10275,,2017,11,12,18,18,18,19,7.3,7.3,,,,,,8,IRAN,,IRAN: KERMANSHAH; IRAQ: KURDISTAN,34.911,45.959,140,630,3,,,12900,4,750,4,15500,4,14500,4,630,3,,,12900,4,750,4,15500,4,14500,4,,
10276,,2017,11,13,2,29,8,19,6.5,6.5,,,,,,8,COSTA RICA,,COSTA RICA: JACO,9.515,-84.487,100,2,1,,,,,,,,,,,2,1,,,,,,,,,,,,
10277,,2017,11,15,5,30,22,10,5.5,5.5,,,,,,8,SOUTH KOREA,,SOUTH KOREA: POHANG,36.074,129.27,30,,,,,90,2,52,4,,1,2000,4,,,,,90,2,52,4,,1,2000,4,,
10473,,2017,11,17,22,34,45,8,6.4,6.4,,,,,,9,CHINA,,CHINA:  TIBET (XIZANG PROVINCE): NYINGCHI,29.833,94.984,40,,,,,3,1,,3,,,3000,4,,,,,3,1,,3,,,3000,4,,
10282,,2017,11,18,16,7,3,8,5.8,5.8,,,,,,,INDONESIA,,INDONESIA: NORTH MALUKU: MOROTAI,2.465,128.148,170,1,1,,,,,,2,,,294,3,1,1,,,,,,2,,,294,3,,
10442,Tsu,2017,11,19,9,26,13,14,6.3,6.3,,,,,,5,NEW CALEDONIA,,NEW CALEDONIA:  LOYALTY ISLANDS,-21.638,168.673,170,,,,,,,,,,,,,,,,,,,,,,,,,,
10443,Tsu,2017,11,19,15,10,28,13,6.6,6.6,,,,,,4,NEW CALEDONIA,,NEW CALEDONIA:  LOYALTY ISLANDS,-21.503,168.598,170,,,,,,,,,,,,,,,,,,,,,,,,,,
10281,Tsu,2017,11,19,22,43,25,10,7,7,,,,,,4,NEW CALEDONIA,,NEW CALEDONIA:  LOYALTY ISLANDS,-21.325,168.672,170,,,,,,,,,,,,,,,,,,,,,,,,,,
10285,,2017,11,23,9,43,7,10,5.1,,,5.1,,,,4,CHINA,,CHINA: CHONGQING: WULONG,29.349,108.058,30,,,,,8,1,1.5,2,1,1,30,1,,,,,8,1,1.5,2,1,1,30,1,,
10286,,2017,12,1,2,32,4,9,6.1,6.1,,,,,,5,IRAN,,IRAN:  KERMAN,30.746,57.307,140,,,,,51,2,,1,,2,,1,,,,,51,2,,1,,2,,1,,
10287,,2017,12,15,16,47,23,90,6.5,6.5,,,,,,7,INDONESIA,,INDONESIA:  JAVA,-7.492,108.174,60,4,1,,,36,1,,2,,,4825,4,4,1,,,36,1,,2,,,4825,4,,
10288,,2017,12,20,19,57,7,10,4.9,,,4.9,,,,6,IRAN,,IRAN:  ALBORZ,35.649,50.962,140,2,1,,,117,3,,,,,,,2,1,,,117,3,,,,,,,,
10289,,2017,12,26,21,24,59,10,4,,,4,,,,4,IRAN,,IRAN: ALBORZ, TEHRAN,35.716,51.256,140,1,1,,,57,2,,,,,,,1,1,,,57,2,,,,,,,
10292,,2018,1,4,10,46,12,10,4.9,,,4.9,,,,,MONTENEGRO,,BALKANS NW:  MONTENEGRO: BERANE,42.658,19.883,130,,,,,,1,,2,,,,3,,,,,,1,,2,,,,3,,
10290,,2018,1,6,15,22,9,10,5,5,,,,,,,IRAN,,IRAN:  KERMANSHAH,34.649,45.799,140,,,,,51,2,,,,,,,,,,,51,2,,,,,,,,
10293,,2018,1,8,,,,,3.4,,,,,,3.4,,NETHERLANDS,,THE NETHERLANDS: GRONINGEN,53.2,6.6,120,,,,,,,,2,,,,4,,,,,,,,2,,,,4,,
10291,Tsu,2018,1,10,2,51,31,10,7.5,7.5,,,,,,,HONDURAS,,HONDURAS,17.474,-83.519,90,,,,,,,,1,,,7,1,,,,,,,,1,,,7,1,,
10294,,2018,1,11,6,59,31,10,5.5,5.5,,,,,,,IRAN,,IRAN: KERMANSHAH,33.764,45.749,140,,,,,13,1,,1,,,,2,,,,,13,1,,1,,,,2,,
10298,,2018,1,14,9,18,45,36,7.1,7.1,,,,,,6,PERU,,PERU: YAUCA,-15.776,-74.744,160,2,1,,,139,3,,3,259,3,1577,4,2,1,,,139,3,,3,259,3,1577,4,,
10299,,2018,1,23,6,34,54,44,6,6,,,,,,,INDONESIA,,INDONESIA:  JAVA:  BANTEN,-7.196,105.918,60,1,1,,,11,1,,2,,,2760,4,1,1,,,11,1,,2,,,2760,4,,
10300,Tsu,2018,1,23,9,31,42,25,7.9,7.9,,,,,,,USA,AK,USA: ALASKA:  KODIAK ISLAND,56.046,-149.073,150,,,,,,,,1,,,,,,,,,,,,1,,,,,,
10301,,2018,1,31,7,7,    ,191,6.1,6.1,,,,,,,AFGHANISTAN,,AFGHANISTAN; PAKISTAN:  BALUCHISTAN,36.543,70.816,40,2,1,,,15,1,,,,,,,2,1,,,15,1,,,,,,,,
10304,,2018,1,31,23,13,21,19,5.2,,,5.2,,,,,ECUADOR,,ECUADOR:  PASTAZA,-1.756,-77.694,60,1,1,,,,,,,,,,1,1,1,,,,,,,,,,1,,
10302,,2018,2,6,15,50,42,11,6.4,6.4,,,,,,,TAIWAN,,TAIWAN:  HUALIEN,24.174,121.653,30,17,1,,,291,3,,2,4,1,,1,17,1,,,291,3,,2,4,1,,1,,
10303,,2018,2,16,23,39,42,25,7.2,7.2,,,,,,,MEXICO,,MEXICO:  OAXACA,16.646,-97.653,150,13,1,,,,,,2,,,1000,3,13,1,,,,,,2,,,1000,3,,
10307,,2018,2,25,17,44,43,23,7.5,7.5,,,,,,8,PAPUA NEW GUINEA,,PAPUA NEW GUINEA: S HIGHLANDS, HELA;  INDONESIA,-6.068,142.768,170,145,3,,,300,3,290,4,,4,,4,145,3,,,300,3,290,4,,4,,4,
10313,,2018,2,28,2,45,45,16,6.1,6.1,,,,,,,PAPUA NEW GUINEA,,PAPUA NEW GUINEA:  S HIGHLANDS,-6.182,142.492,170,1,1,,,,,,,,,,,1,1,,,,,,,,,,,,
10312,,2018,3,4,19,56,18,10,6,6,,,,,,,PAPUA NEW GUINEA,,PAPUA NEW GUINEA:  S HIGHLANDS,-6.307,142.62,170,11,1,,,,,,,,,,,11,1,,,,,,,,,,,,
10311,,2018,3,6,14,13,6,10,6.7,6.7,,,,,,,PAPUA NEW GUINEA,,PAPUA NEW GUINEA:  S HIGHLANDS, HELA,-6.294,142.607,170,25,1,,,,,,,1,1,,,25,1,,,,,,,1,1,,,
10322,,2018,4,1,8,35,27,10,5.3,,,5.3,,,,,IRAN,,IRAN:  KERMANSHAH,34.456,45.764,140,,,,,54,2,,,,,,,,,,,54,2,,,,,,,,
10323,,2018,4,3,9,41,27,10,4.9,,,4.9,,,,,VENEZUELA,,VENEZUELA:  MERIDA,8.346,-71.664,160,,,,,,,,2,,,28,1,,,,,,,,2,,,28,1,,
10325,,2018,4,7,5,48,38,10,6.3,6.3,,,,,,,PAPUA NEW GUINEA,,PAPUA NEW GUINEA:  HELA,-5.841,142.49,170,4,1,,,,,,1,,1,,1,4,1,,,,,,1,,1,,1,,
10324,,2018,4,8,16,32,31,8,5.6,5.6,,,,,,,JAPAN,,JAPAN:  SHIMANE PREFECTURE,35.262,132.541,30,,,,,8,1,,,,,429,3,,,,,8,1,,,,,429,3,,
10326,,2018,4,10,3,11,31,5,4.7,4.7,,,,,,,ITALY,,ITALY:  MUCCIA,43.093,13.046,130,,,,,,,,1,,,,,,,,,,,,1,,,,,,
10327,,2018,4,18,6,28,35,4,4.4,,,,,,4.4,2,INDONESIA,,INDONESIA:  JAVA:  BANJARNEGARA,-7.21,109.65,60,3,1,,,21,1,,2,,,316,3,3,1,,,21,1,,2,,,316,3,,
10328,,2018,4,24,0,34,31,10,5.2,5.2,,,,,,,TURKEY,,TURKEY:  ADIYAMAN,37.596,38.514,140,,,,,39,1,,1,,,,1,,,,,39,1,,1,,,,1,,
10329,,2018,5,2,4,8,13,10,5.3,5.3,,,,,,,IRAN,,IRAN:  KOHGILUYEH AND BOYER-AHMAD: SISAKHT,30.715,51.485,140,,,,,133,3,,2,,,,1,,,,,133,3,,2,,,,1,,
10330,,2018,5,3,11,17,,,2.1,,,,2.1,,,,SOUTH AFRICA,,SOUTH AFRICA:  WEST RAND,-26.4,27.5,10,7,1,,,6,1,,,,,,,7,1,,,6,1,,,,,,,,
10332,Tsu,2018,5,4,22,32,55,5,6.9,6.9,,,,,,,USA,HI,USA: HAWAIIAN ISLANDS: PUNA DISTRICT,19.37,-155.032,150,,,,,,,,1,,,,,,,,,1,1,370,4,716,3,,,,
10331,,2018,5,5,8,58,7,10,4.1,,,4.1,,,,,POLAND,,POLAND:  SILESIAN:  JASTRZEBIE-ZDROJ,50.11,18.71,120,5,1,,,2,1,,1,,,,,5,1,,,2,1,,1,,,,,,
10334,,2018,5,6,19,2,22,10,5.6,5.6,,,,,,,EL SALVADOR,,EL SALVADOR:  LA UNION, SAN MIGUEL,13.095,-88.099,100,,,,,1,1,,2,11,1,298,3,,,,,1,1,,2,11,1,298,3,
10333,,2018,5,9,10,41,45,112,6.2,6.2,,,,,,,AFGHANISTAN,,AFGHANISTAN: TAKHAR;  PAKISTAN,36.99,71.369,40,,,,,13,1,,1,,1,45,1,,,,,13,1,,1,,1,45,1,,
10337,,2018,5,15,15,48,9,17,5.8,5.8,,,,,,,COMOROS,,COMOROS:  MAYOTTE,-12.778,45.593,60,,,,,3,1,,1,,,,1,,,,,3,1,,1,,,,1,,
10339,,2018,5,27,17,50,52,10,5.1,5.1,,,,,,,CHINA,,CHINA:  JILIN PROVINCE:  NINGJIANG,45.279,124.557,30,,,,,,,,3,,,10000,4,,,,,,,,3,,,10000,4,,
10346,,2018,6,5,18,40,30,24,5.3,5.3,,,,,,,AZERBAIJAN,,AZERBAIJAN: SHAKI-ZAQATALA,41.526,46.785,40,1,1,,,31,1,,1,,,,1,1,1,,,31,1,,1,,,,1,,
10340,,2018,6,12,9,35,26,10,4.9,4.9,,,,,,,COLOMBIA,,COLOMBIA:  PASTO,1.032,-77.259,160,2,1,,,,,,1,1,1,,1,2,1,,,,,,1,1,1,,1,,
10342,,2018,6,17,22,58,35,11,5.5,5.5,,,,,,,JAPAN,,JAPAN:  OSAKA,34.833,135.612,30,5,1,,,380,3,7000,4,,,470,3,5,1,,,380,3,7000,4,,,470,3,,
10348,,2018,7,21,7,58,15,10,5.2,5.2,,,,,,,INDONESIA,,INDONESIA: SUMATRA: SOLOK,-0.965,100.771,60,1,1,,,2,1,,1,2,1,10,1,1,1,,,2,1,,1,2,1,10,1,,
10347,,2018,7,22,10,7,26,6,5.9,,,5.9,,,,,IRAN,,IRAN:  KERMANSHAH,34.645,46.179,140,,,,,287,3,,2,,,951,3,,,,,287,3,,2,,,951,3,,
10349,,2018,7,28,22,47,37,6,6.4,6.4,,,,,,,INDONESIA,,INDONESIA:  LOMBOK ISLAND,-8.274,116.491,60,17,1,,,355,3,,3,5448,4,,3,17,1,,,355,3,,3,5448,4,,3,,
10351,Tsu,2018,8,5,11,46,37,31,6.9,6.9,,,,,,,INDONESIA,,INDONESIA:  LOMBOK ISLAND,-8.287,116.452,60,560,3,,,7733,4,509,4,,3,83392,4,560,3,,,7733,4,509,4,,3,83392,4,,
10352,,2018,8,9,5,25,31,10,5.9,5.9,,,,,,,INDONESIA,,INDONESIA:  LOMBOK ISLAND,-8.394,116.208,60,2,1,,,24,1,,2,,,,3,2,1,,,24,1,,2,,,,3,,
10353,,2018,8,12,17,44,26,10,5,,,5,,,,,CHINA,,CHINA:   YUNNAN PROVINCE:  YUXI,24.322,102.941,30,,,,,24,1,,2,,,6000,4,,,,,24,1,,2,,,6000,4,,
10356,Tsu,2018,8,19,0,19,37,563,8.2,8.2,,,,,,,FIJI,,FIJI ISLANDS,-18.178,-178.111,170,,,,,,,,,,,,,,,,,,,,,,,,,,
10354,,2018,8,19,4,10,21,8,6.3,6.3,,,,,,,INDONESIA,,INDONESIA:  LOMBOK ISLAND,-8.325,116.577,60,2,1,,,1,1,,2,,,1705,4,2,1,,,1,1,,2,,,1705,4,,
10355,,2018,8,19,14,56,28,26,6.9,6.9,,,,,,,INDONESIA,,INDONESIA:  LOMBOK ISLAND,-8.324,116.626,60,10,1,,,24,1,,2,,,151,3,10,1,,,24,1,,2,,,151,3,,
10357,Tsu,2018,8,21,21,31,46,154,7.3,7.3,,,,,,,VENEZUELA,,VENEZUELA:  SUCRE; TRINIDAD,10.855,-62.883,90,5,1,,,,,,2,,,,3,5,1,,,,,,2,,,,3,,
10358,,2018,8,25,22,13,26,10,6,6,,,,,,,IRAN,,IRAN:  KERMANSHAH,34.663,46.277,140,2,1,,,267,3,,3,,,2600,4,2,1,,,267,3,,3,,,2600,4,,
10359,Tsu,2018,8,29,3,51,56,28,7.1,7.1,,,,,,,NEW CALEDONIA,,NEW CALEDONIA:  LOYALTY ISLANDS,-22.066,170.05,170,,,,,,,,,,,,,,,,,,,,,,,,,,
10360,,2018,9,5,18,7,58,33,6.6,6.6,,,,,,,JAPAN,,JAPAN:  HOKKAIDO,42.671,141.933,30,44,1,,,660,3,2000,4,,1,,1,44,1,,,660,3,2000,4,,1,,1,,
10361,,2018,9,6,15,49,14,609,7.8,7.8,,,,,,,FIJI,,FIJI ISLANDS,-18.494,179.332,170,,,,,,,,,,,,,,,,,,,,,,,,,,
10362,,2018,9,7,6,23,38,10,5.5,,,5.5,,,,,IRAN,,IRAN:  KERMAN,28.342,59.315,140,1,1,,,2,1,,1,,,,1,1,1,,,2,1,,1,,,,1,,
10368,,2018,9,8,2,31,31,10,5.6,5.6,,,,,,,CHINA,,CHINA: YUNNAN PROVINCE:  MOJIANG HANI,23.332,101.552,30,,,,,28,1,,3,,,29000,4,,,,,28,1,,3,,,29000,4,,
10367,,2018,9,12,4,50,46,10,5.3,5.3,,,,,,,INDIA,,INDIA:  WEST BENGAL,26.374,90.165,60,1,1,,,,,,,,,,,1,1,,,,,,,,,,,,
10369,Tsu,2018,9,28,10,2,43,10,7.5,7.5,,,,,,8,INDONESIA,,INDONESIA:  SULAWESI,-0.178,119.84,170,4340,4,667,3,10679,4,1500,4,3673,4,39191,4,4340,4,667,3,10679,4,1500,4,3673,4,39191,4,,
10370,,2018,10,7,0,11,49,12,5.9,5.9,,,,,,,HAITI,,HAITI: PORT-DEX-PAIX,20.041,-72.975,90,18,1,,,580,3,,2,,3,11497,4,18,1,,,580,3,,2,,3,11497,4,,
10371,,2018,10,10,18,44,55,9,6,6,,,,,,5,INDONESIA,,INDONESIA:  MADURA ISLAND, JAVA,-7.456,114.453,60,4,1,,,36,1,,1,,,433,3,4,1,,,36,1,,1,,,433,3,
10444,Tsu,2018,10,16,1,3,43,17,6.5,6.5,,,,,,,NEW CALEDONIA,,NEW CALEDONIA:  LOYALTY ISLANDS,-21.743,169.522,170,,,,,,,,,,,,,,,,,,,,,,,,,,
10372,Tsu,2018,10,25,22,54,51,14,6.8,6.8,,,,,,,GREECE,,GREECE:  IONIAN SEA:  ZAKYNTHOS, STROFADES,37.506,20.563,130,,,,,3,1,,1,,,,,,,,,3,1,,1,,,,,
10374,,2018,11,14,23,1,21,9,5.6,5.6,,,,,,,INDONESIA,,INDONESIA:  SULAWESI:  MAMASA,-2.916,119.435,170,7,1,,,,,,2,,,,3,7,1,,,,,,2,,,,3,,
10375,,2018,11,25,16,37,31,10,6.3,6.3,,,,,,,IRAN,,IRAN: KERMANSHAH; IRAQ: KURDISTAN,34.304,45.74,140,1,1,,,759,3,,1,,,,1,1,1,,,759,3,,1,,,,1,,
10377,,2018,11,28,14,44,25,22,4.9,4.9,,,,,,,AFGHANISTAN,,AFGHANISTAN:  HINDU KUSH:  BAGHLAN,35.817,68.682,40,,,,,9,1,,1,,,60,2,,,,,9,1,,1,,,60,2,,
10376,,2018,11,30,17,29,28,41,7,7,,,,,,,USA,AK,USA: ALASKA:  ANCHORAGE,61.34,-149.937,150,,,,,117,3,150,4,2,1,1650,4,,,,,117,3,150,4,2,1,1650,4,,
10378,Tsu,2018,12,5,4,18,8,10,7.5,7.5,,,,,,,NEW CALEDONIA,,NEW CALEDONIA:  LOYALTY ISLANDS,-21.969,169.446,170,,,,,,,,,,,,,,,,,,,,1,,,,1,,
10382,,2018,12,15,20,21,57,35,5.6,5.6,,,,,,,VANUATU,,VANUATU ISLANDS: AMBRYM ISLAND,-16.368,168.213,170,,,,,,,,2,,,,1,,,,,,,,2,,,,1,,
10381,,2018,12,16,4,46,11,27,5.4,5.4,,,,,,,CHINA,,CHINA:  SICHUAN:  YIBIN,28.264,104.991,30,,,,,17,1,7.255,3,15,1,6145,4,,,,,17,1,7.255,3,15,1,6145,4,,
10384,,2018,12,22,5,37,37,8,5.5,5.5,,,,,,,MOZAMBIQUE,,MOZAMBIQUE,-20.644,32.801,10,,,,,10,1,,2,600,3,,,,,,,10,1,,2,600,3,,,,
10383,,2018,12,26,2,19,16,10,5.1,,,5.1,,,,,ITALY,,ITALY:  SICILY:  CATANIA,37.555,15.166,130,,,,,28,1,115,4,15,1,,1,,,,,28,1,115,4,15,1,,1,,
10385,,2019,1,3,0,48,8,10,5.2,,,5.2,,,,,CHINA,,CHINA:  SICHUAN:  YIBIN,28.261,104.984,30,,,,,774,3,,2,,,691,3,,,,,774,3,,2,,,691,3,,
10389,,2019,1,6,13,41,59,14,5.6,5.6,,,,,,,IRAN,,IRAN:  KERMANSHAH: SARPOL-E ZAHAB,34.121,45.681,140,,,,,75,2,,1,,,,1,,,,,75,2,,1,,,,1,,
10387,,2019,1,12,8,58,27,2,3.8,,,,3.8,,,,POLAND,,POLAND:  RUDNA,51.52,16.09,120,1,1,,,6,1,,2,,,,,1,1,,,6,1,,2,,,,,,
10388,,2019,1,20,1,32,51,53,6.7,6.7,,,,,,,CHILE,,CHILE:  COQUIMBO, LA SERENA,-30.074,-71.423,160,2,1,,,,,,2,,,260,3,2,1,,,,,,2,,,260,3,
10390,,2019,1,22,22,35,31,10,3.4,,,,3.4,,,,POLAND,,POLAND:  RYDULTOWY,50.08,18.39,120,1,1,,,8,1,,,,,,,1,1,,,8,1,,,,,,,,
10479,,2019,1,26,12,32,26,10,5.6,5.6,,,,,,,COLOMBIA,,COLOMBIA:  CAUCA, HUILA,3.035,-75.738,160,1,1,,,,,,1,,,,1,1,1,,,,,,1,,,,1,
10391,,2019,2,1,10,23,54,5,3.6,,,,,,3.6,,INDIA,,INDIA:  MAHARASHTRA:  PALGHAR,19.9,72.8,60,1,1,,,,,,1,,,,,1,1,,,,,,1,,,,,,
10392,,2019,2,1,16,14,13,68,6.6,6.6,,,,,,,MEXICO,,MEXICO:  CHIAPAS; GUATEMALA:  SAN MARCOS,14.763,-92.298,150,,,,,4,1,,2,,,,3,,,,,4,1,,2,,,,3,,
10394,,2019,2,5,19,31,36,10,5.1,5.1,,,,,,,AZERBAIJAN,,AZERBAIJAN:  SHEMAKHA (SEMACHA),40.892,48.602,40,,,,,3,1,,2,,,3000,4,,,,,3,1,,2,,,3000,4,,
10393,,2019,2,22,10,17,22,132,7.5,7.5,,,,,,,ECUADOR,,ECUADOR: AZUAY, MANABI, MORONA SANT.; PERU,-2.199,-77.023,160,1,1,,,9,1,,2,5,1,75,1,1,1,,,9,1,,2,5,1,75,1
10395,,2019,2,25,5,15,59,10,4.9,,,4.9,,,,,CHINA,,CHINA:  SICHUAN PROVINCE: RONGXIAN,29.498,104.632,30,2,1,,,12,1,2,2,9,1,10911,4,2,1,,,12,1,2,2,9,1,10911,4,,
10398,,2019,2,27,23,27,4,10,5.4,5.4,,,,,,,INDONESIA,,INDONESIA: SUMATRA: SOLOK,-1.301,101.601,60,,,,,48,1,,2,,,343,3,,,,,48,1,,2,,,343,3,,
10396,,2019,3,1,8,50,41,257,7,7,,,,,,,PERU,,PERU:  AREQUIPA,-14.684,-70.127,160,1,1,,,1,1,,,,,,,1,1,,,1,1,,,,,,,,
10399,,2019,3,17,7,7,27,24,5.5,5.5,,,,,,,INDONESIA,,INDONESIA:  LOMBOK ISLAND,-8.418,116.52,60,6,1,,,,1,,2,843,3,3613,4,6,1,,,,1,,2,843,3,3613,4,,
10400,,2019,3,21,9,15,40,22,5.5,5.5,,,,,,,TANZANIA,,TANZANIA:  SONGWE, MBEYA,-7.878,32.085,10,1,1,,,,,,1,4,1,,1,1,1,,,,,,1,4,1,,1,
10402,,2019,4,12,11,40,49,18,6.8,6.8,,,,,,,INDONESIA,,INDONESIA:  SULAWESI ISLAND: LUWUK,-1.852,122.553,60,1,1,,,,,,,,,,,1,1,,,,,,,,,,,,
10407,,2019,4,18,5,1,6,20,6.1,6.1,,,,,,,TAIWAN,,TAIWAN:  HUALIEN,23.989,121.693,30,1,1,,,16,1,,1,,,,,1,1,,,16,1,,1,,,,,,
10406,,2019,4,22,9,11,11,20,6.1,6.1,,,,,,,PHILIPPINES,,PHILIPPINES:  PAMPANGA PROVINCE,14.924,120.497,170,18,1,3,1,183,3,50,4,1046,4,3329,4,18,1,3,1,183,3,50,4,1046,4,3329,4,,
10409,,2019,5,6,21,19,35,127,7.2,7.2,,,,,,,PAPUA NEW GUINEA,,PAPUA NEW GUINEA:  MOROBE: WAMPAR,-6.977,146.44,170,,,,,,,,2,130,3,,,,,,,,,,2,130,3,,,,
10408,Tsu,2019,5,14,12,58,25,10,7.6,7.6,,,,,,,PAPUA NEW GUINEA,,PAPUA NEW GUINEA:  RABAUL, DUKE OF YORK IS,-4.051,152.597,170,,,,,,1,,1,,1,,1,,,,,,1,,1,,1,,1,
10410,,2019,5,17,22,24,52,17,4.8,,,4.8,,,,,CHINA,,CHINA:  JILIN PROVINCE:  SONGYUAN,45.205,124.611,30,,,,,,,,1,,,167,3,,,,,,,,1,,,167,3,,
10411,,2019,5,22,3,48,59,10,3.2,,,,3.2,,,,NETHERLANDS,,THE NETHERLANDS: GRONINGEN,53.394,6.586,,,,,,,,,2,,,840,3,,,,,,,,2,,,840,3,,
10412,,2019,5,26,7,41,14,110,8,8,,,,,,,PERU,,PERU:  LA LIBERTAD, CAJAMARCA; ECUADOR,-5.796,-75.298,160,2,1,,,30,1,,2,,3,,3,2,1,,,30,1,,2,,3,,3,
10478,,2019,5,30,9,3,32,58,6.6,6.6,,,,,,,EL SALVADOR,,EL SALVADOR:  SAN SALVADOR,13.199,-89.306,100,1,1,,,1,1,,1,,,2,1,1,1,,,1,1,,1,,,2,1,,
10420,,2019,6,1,4,26,19,10,5.2,5.2,,,,,,,ALBANIA,,ALBANIA:  KORCE,40.501,20.722,130,,,,,4,1,,2,,,100,2,,,,,4,1,,2,,,100,2,,
10414,Tsu,2019,6,14,0,19,12,11,6.4,6.4,,,,,,,CHILE,,CHILE:  COQUIMBO,-30.056,-72.082,160,,,,,,,,,,,,,,,,,,,,,,,,,,
10415,Tsu,2019,6,15,22,55,2,34,7.2,7.2,,,,,,,NEW ZEALAND,,KERMADEC ISLANDS:  S OF, RAOUL,-30.805,-178.095,170,,,,,,,,,,,,,,,,,,,,,,,,,
10417,,2019,6,17,14,55,45,10,5.8,5.8,,,,,,,CHINA,,CHINA:  SICHUAN:  YIBIN,28.405,104.957,30,13,1,,,200,3,1300,4,,,12700,4,13,1,,,200,3,1300,4,,,12700,4,,
10418,Tsu,2019,6,18,13,22,19,12,6.4,6.4,,,,,,,JAPAN,,JAPAN:  NIIGATA PREFECTURE,38.646,139.472,30,,,,,28,1,,2,,,144,3,,,,,28,1,,2,,,144,3,,
10421,,2019,7,1,12,12,6.8,,3.1,,3.1,2.3,2.8,,,,POLAND,,POLAND:  KATOWICE,50.287,18.997,120,3,1,,,6,1,,,,,,,3,1,,,6,1,,,,,,,,
10422,,2019,7,4,17,33,49,11,6.4,6.4,,,,,,,USA,CA,USA: CALIFORNIA:  RIDGECREST;  NEVADA,35.705,-117.506,150,1,1,,,,1,,2,,,,1,1,1,,,,1,,2,,,,1,,
10423,,2019,7,6,3,19,52,8,7.1,7.1,,,,,,,USA,CA,USA: CALIFORNIA:  RIDGECREST,35.766,-117.605,150,,,,,,1,5300,4,101,3,287,3,,,,,,1,5300,4,101,3,287,3,,
10424,,2019,7,8,7,0,31,10,5.7,5.7,,,,,,,IRAN,,IRAN:  MASJED-E SOLEYMAN,31.775,49.542,140,1,1,,,128,3,,1,,,,1,1,1,,,128,3,,1,,,,1,,
10429,,2019,7,9,12,37,1,24,5.6,5.6,,,,,,,PHILIPPINES,,PHILIPPINES:  MINDANAO:  MAKILALA, TULUNAN,6.802,125.169,170,1,1,,,3,1,,1,,,119,3,1,1,,,3,1,,1,,,119,3,
10427,,2019,7,12,20,42,55,14,5.8,5.8,,,,,,,PHILIPPINES,,PHILIPPINES: MINDANAO: SURIGAO DEL SUR PROVINCE,9.334,126.04,170,,,,,59,2,0.71,1,67,2,2085,4,,,,,59,2,0.71,1,67,2,2085,4,,
10426,,2019,7,14,9,10,50,10,7.3,7.3,,,,,,,INDONESIA,,INDONESIA:  MOLUCCA ISLANDS:  N,-0.529,128.093,170,8,1,,,134,3,,2,1176,4,1158,4,8,1,,,134,3,,2,1176,4,1158,4,,
10425,,2019,7,19,11,13,16,10,5.3,5.3,,,,,,,GREECE,,GREECE:  ATHENS,38.115,23.505,130,,,,,4,1,,1,,1,,1,,,,,4,1,,1,,1,,1,,
10430,,2019,7,24,19,33,15,10,3.8,,,,,,3.8,,INDIA,,INDIA:  MAHARASHTRA:  PALGHAR,20,72.9,60,1,1,,,,1,,1,,,,1,1,1,,,,1,,1,,,,1,,
10428,,2019,7,26,23,37,58,10,6,6,,,,,,,PHILIPPINES,,PHILIPPINES:  BATANES:  ITBAYAT,20.807,121.986,170,9,1,,,64,2,0.925,1,,,266,3,9,1,,,64,2,0.925,1,,,266,3,,
10431,,2019,8,2,12,3,27,53,6.9,6.9,,,,,,,INDONESIA,,INDONESIA:  JAVA:  BANTEN,-7.267,104.825,60,6,1,,,3,1,,2,13,1,458,3,6,,,,3,1,,2,13,1,458,3,,
10432,,2019,8,7,21,28,2,10,5.9,5.9,,,,,,,TAIWAN,,TAIWAN:  TAIPEI,24.475,121.947,30,1,1,,,,,,,,,,,1,1,,,,,,,,,,,,
10433,,2019,8,8,11,25,31,10,5.8,5.8,,,,,,,TURKEY,,TURKEY:  DENIZLI,37.948,29.697,140,,,,,,1,,2,,,976,3,,,,,,1,,2,,,976,3,,
10439,,2019,9,7,22,42,14,10,5.1,5.1,,,,,,,CHINA,,CHINA:  SICHUAN PROVINCE: NEIJIANG,29.573,105.064,30,1,1,,,63,2,,2,132,3,5041,4,1,1,,,63,2,,2,132,3,5041,4,,
10446,,2019,9,21,14,4,24,10,5.6,5.6,,,,,,,ALBANIA,,ALBANIA:  DURRES,41.381,19.454,130,,,,,132,3,45,4,,1,569,3,,,,,132,3,45,4,,1,569,3,,
10447,,2019,9,24,11,1,55,10,5.6,5.6,,,,,,,PAKISTAN,,PAKISTAN:  MIRPUR DISTRICT,33.106,73.766,60,39,1,,,746,3,17,3,1756,4,5709,4,39,1,,,746,3,17,3,1756,4,5709,4,,
10448,,2019,9,25,23,46,44,18,6.5,6.5,,,,,,,INDONESIA,,INDONESIA:  MALUKU:  AMBON,-3.45,128.347,170,31,1,,,179,3,,3,,1,2675,2,31,1,,,179,3,,3,,1,2675,4,,
10449,,2019,9,26,10,59,26,10,5.7,5.7,,,,,,,TURKEY,,TURKEY:  ISTANBUL,40.89,28.173,140,1,1,,,34,1,,2,,,473,3,1,1,,,34,1,,2,,,473,3,,
10450,,2019,9,26,16,36,18,129,6.1,6.1,,,,,,,CHILE,,CHILE:  SOUTH CENTRAL,-40.815,-72.002,160,1,1,,,,,,,,,,,1,1,,,,,,,,,,,,
10451,,2019,9,29,15,57,53,11,6.8,6.8,,,,,,,CHILE,,CHILE:  CONCEPCION,-35.473,-73.162,160,1,1,,,,,,,,,,,1,1,,,,,,,,,,,,
10452,,2019,10,10,4,39,48,54,5,,,5,,,,7,INDONESIA,,INDONESIA:  PASSO,-3.65,128.216,170,1,1,,,2,1,,2,,,,1,1,1,,,2,1,,2,,,,1,,
10453,,2019,10,16,11,37,6,14,6.4,6.4,,,,,,7,PHILIPPINES,,PHILIPPINES:  MINDANAO:  COTABATO, DAVAO,6.712,125.005,170,7,1,,,215,3,,3,506,3,2664,4,7,1,,,215,3,,3,506,3,2664,4,
10454,,2019,10,29,1,4,44,15,6.6,6.6,,,,,,,PHILIPPINES,,PHILIPPINES:  MINDANAO:  COTABATO, DAVAO,6.802,125.04,170,12,1,,,417,3,,3,22363,4,12119,4,13,1,,1,562,3,,3,23303,4,15306,4,
10455,,2019,10,31,1,11,19,10,6.5,6.5,,,,,,,PHILIPPINES,,PHILIPPINES:  COTABATO, SULTAN KUDARAT,6.91,125.156,170,9,1,,,,1,,2,,3,,3,10,1,,1,,1,,2,,3,,3,
10456,,2019,11,7,22,47,5,10,,,,,,,,,IRAN,,IRAN: MIYANEH,37.808,47.558,140,5,1,,,584,3,,2,,1,,1,5,1,,,584,3,,2,,1,,1,,
10458,,2019,11,12,10,10,44,50,5,,,5,,,,,INDONESIA,,INDONESIA:  MALUKU:  AMBON,-3.61,128.299,170,2,1,,,3,1,,1,,1,,,2,1,,,3,1,,1,,1,,,,
10457,Tsu,2019,11,14,16,17,40,33,7.1,7.1,,,,,,,INDONESIA,,INDONESIA:  MOLUCCA ISLANDS:  N,1.6,126.416,170,1,1,,,3,1,,1,,,36,1,1,1,,,3,1,,1,,,36,1,,
10459,,2019,11,18,13,22,9,,5.9,5.9,,,,,,6,PHILIPPINES,,PHILIPPINES:  MINDANAO:  BUKIDNON PROVINCE,7.625,124.912,170,,,,,16,1,,2,61,2,379,3,,,,,16,1,,2,61,2,379,3,,
10460,,2019,11,25,1,18,21,10,5,5,,,,,,,CHINA,,CHINA:  GUANGXI PROVINCE,22.96,106.711,30,1,1,,,4,1,,1,,,,1,1,1,,,4,1,,1,,,,1,,
10461,,2019,11,26,2,54,12,20,6.4,6.4,,,,,,,ALBANIA,,ALBANIA:  DURRES, THUMANE, TIRANA,41.521,19.559,130,51,2,,,2000,4,1081,4,11000,4,83000,4,51,2,,,2000,4,1081,4,11000,4,83000,4
10462,,2019,12,15,6,11,52,22,6.8,6.8,,,,,,,PHILIPPINES,,PHILIPPINES:  MINDANAO:  DAVAO,6.708,125.188,170,13,1,1,1,210,3,,4,4546,4,21495,4,13,1,1,1,210,3,,4,4546,4,21495,4,,
10463,,2019,12,18,0,14,7,10,5.2,,,5.2,,,,,CHINA,,CHINA:  SICHUAN PROVINCE: NEIJIANG,29.639,104.946,30,,,,,18,1,,2,,,780,3,,,,,18,1,,2,,,780,3,,
10467,Tsu,2020,1,7,8,24,26,10,6.4,6.4,,,,,,8,USA TERRITORY,PR,PUERTO RICO:  PONCE,SAN JUAN,17.916,-66.813,90,4,1,,,,1,,4,300,3,1390,4,4,1,,,,1,,4,300,3,1390,4,
10474,,2020,1,19,13,27,56,6,6,6,,,,,,,CHINA,,CHINA:  XINJIANG PROVINCE,39.831,77.106,40,1,1,,,2,1,,3,,,,4,1,1,,,2,1,,3,,,,4,,
10475,,2020,1,24,17,55,14,12,6.7,6.7,,,,,,,TURKEY,,TURKEY:  ELAZIG AND MALATYA PROVINCES,38.39,39.081,140,41,1,,,1600,4,,4,76,2,,4,41,1,,,1600,4,,4,76,2,,4,,
10476,Tsu,2020,1,28,19,10,25,10,7.7,7.7,,,,,,,CUBA,,CUBA: GRANMA;  CAYMAN IS;  JAMAICA,19.44,-78.755,90,,,,,,,,2,1,1,,3,,,,,,,,2,1,1,,3,,
10480,,2020,2,23,16,0,31,10,6,6,,,,,,,IRAN,,TURKEY: VAN;  IRAN,38.482,44.367,140,10,1,,,60,2,,2,255,3,600,3,10,1,,,60,2,,2,255,3,600,3,,
10483,,2020,3,10,10,18,6,23,5,,,5,,,,8,INDONESIA,,INDONESIA:  JAVA:  SUKABUMI, BOGOR,-6.808,106.676,60,,,,,4,1,,2,,,1137,4,,,,,4,1,,2,,,1137,4,
10485,,2020,3,18,13,9,31,12,5.7,5.7,,,,,,6,USA,UT,USA: UTAH,40.751,-112.078,150,,,,,,,48.5,4,,,,3,,,,,,,48.5,4,,,,3,,
10486,,2020,3,22,5,24,3,10,5.4,5.4,,,,,,8,CROATIA,,BALKANS NW:  CROATIA:  ZAGREB,45.897,15.966,130,1,1,,,27,1,6000,4,6305,4,20000,4,1,1,,,27,1,6000,4,6305,4,20000,4,,
10487,Tsu,2020,3,25,2,49,21,57,7.5,7.5,,,,,,6,RUSSIA,,RUSSIA:  KURIL ISLANDS,48.986,157.693,50,,,,,,,,,,,,,,,,,,,,,,,,,,
10488,,2020,4,1,12,23,27,10,5.3,5.3,,,,,,,CHINA,,CHINA:  QINGHAI PROVINCE,33.124,98.916,30,,,,,,,11.28,3,,,790,3,,,,,,,11.28,3,,,790,3,,
10490,Tsu,2020,5,2,12,51,6,17,6.6,6.6,,,,,,7,GREECE,,GREECE:  CRETE,34.205,25.712,130,,,,,,,,,,,,,,,,,,,,,,,,,,
10491,,2020,5,7,20,18,22,10,4.6,,,4.6,,,,,IRAN,,IRAN:  TEHRAN, DAMAVAND,35.725,52.044,140,2,1,,,22,1,,,,,,,2,1,,,22,1,,,,,,,
10494,,2020,5,18,13,48,3,10,5.2,5.2,,,,,,,CHINA,,CHINA:   YUNNAN PROVINCE:  QIAOJIA,27.296,103.281,30,4,1,,,24,1,,2,,1,,,4,1,,,24,1,,2,,1,,,,
10501,Tsu,2020,5,29,5,30,,,,,,,,,,,INDONESIA,,INDONESIA:  JAVA:  IJEN,-8.058,114.242,60,,,,,,,,,,,,,1,1,,,,,,,,,,,,
10502,,2020,6,4,8,49,39,107,6.4,6.4,,,,,,4,INDONESIA,,INDONESIA: NORTH MALUKU: MOROTAI,2.923,128.248,170,,,,,,,,2,14,1,298,3,,,,,,,,2,14,1,298,3,,
10503,,2020,6,7,5,27,22,57,4.5,,,4.5,,,,,PERU,,PERU:  COAST:  CHIMBOTE,-9.634,-78.591,160,1,1,,,,,,,,,,,1,1,,,,,,,,,,,,
10504,,2020,6,14,14,24,29,10,5.9,5.9,,,,,,,TURKEY,,TURKEY:  BINGOL,39.421,40.697,140,1,1,,,17,1,,2,,,,1,1,1,,,17,1,,2,,,,1,,
10505,Tsu,2020,6,18,12,49,53,10,7.4,7.4,,,,,,,NEW ZEALAND,,KERMADEC ISLANDS:  S OF, RAOUL,-33.294,-177.838,170,,,,,,,,,,,,,,,,,,,,,,,,,
10506,Tsu,2020,6,23,15,29,5,26,7.4,7.4,,,,,,,MEXICO,,MEXICO: OAXACA,16.029,-95.901,150,10,1,,,,1,,4,,,8123,4,10,1,,,,1,,4,,,8123,4,,
10507,,2020,6,25,10,3,31,10,5.4,5.4,,,,,,,TURKEY,,TURKEY:  VAN,38.558,44.023,140,,,,,5,1,,2,,,90,2,,,,,5,1,,2,,,90,2,,
10510,,2020,7,17,2,50,23,80,7,7,,,,,,,PAPUA NEW GUINEA,,PAPUA NEW GUINEA:  MOROBE, ORO,-7.843,147.766,170,,,,,1,1,,1,,,12,1,1,1,,,1,1,,1,,,12,1,
10509,Tsu,2020,7,22,6,12,44,28,7.8,7.8,,,,,,8,USA,AK,USA: ALASKA,55.03,-158.522,150,,,,,,,,,,,,,,,,,,,,,,,,,,
10511,,2020,7,27,5,14,51,10,4.8,,,4.8,,,,,VIETNAM,,VIETNAM: SON LA PROVINCE,20.872,104.541,30,,,,,,,,2,,,,3,,,,,,,,2,,,,3,,
10514,,2020,8,9,12,7,37,8,5.1,5.1,,,,,,,USA,NC,USA: NORTH CAROLINA:  SPARTA,36.476,-81.094,150,,,,,,,,2,60,2,465,3,,,,,,,,2,60,2,465,3,,
10515,,2020,8,18,0,3,48,10,6.6,6.6,,,,,,7,PHILIPPINES,,PHILIPPINES:  MASBATE,12.021,124.123,170,1,1,,,48,1,,2,14,1,2,1,1,1,,,48,1,,2,14,1,2,1,,
